apellido,nombre,e_mail
Toro ,Oscar A.,Toro@gmail.com
Mora ,Nelida,Mora@gmail.com
Cizmic ,Olga,Cizmic@gmail.com
Acua ,Pedro -,Acua@gmail.com
De ,Juan C.,De@gmail.com
Sager ,Jorge,Sager@gmail.com
Almada ,Lola,Almada@gmail.com
Yolini ,Marcelo,Yolini@gmail.com
Gomez ,Gerardo,Gomez@gmail.com
De ,Eduardo,De@gmail.com
Ayetz ,Norma Ariana,Ayetz@gmail.com
Van ,Nelida,Van@gmail.com
Prisco ,Maria,Prisco@gmail.com
San ,Rosa,San@gmail.com
Cura ,Andres,Cura@gmail.com
Casta#O ,Nicolas,Casta#O@gmail.com
Ibaez ,Marta,Ibaez@gmail.com
Costa ,Lorenza Irma,Costa@gmail.com
Mora ,Norberto Gerardo,Mora@gmail.com
San ,Jorge O.,San@gmail.com
