3,Hector Jose,Bilos ,Bilos@gmail.com,
175,Marcos,Bigatti ,Bigatti@hotmail.com,
221,Maria Cristina,Dutto ,Dutto@gmail.com,
227,Alfredo,Fernandez ,Fernandez@gmail.com,
271,Claudia Andrea,Muoa ,Muoa@gmail.com,
286,Juan Enrique,Albarracin ,Albarracin@outlook.com,
293,Alicia Alcira,Acosta ,Acosta@gmail.com,
348,Blanca Del Carmen,Mediabilla ,Mediabilla@gmail.com,
357,Delia H.,Soto ,Soto@gmail.com,
464,Dionisio,Mariani ,Mariani@gmail.com,
550,Josefa,Nu#Ez ,Nu#Ez@hotmail.com,
583,Regina M. G. De,Maturano ,Maturano@outlook.com,
620,Gladys De,Salles ,Salles@hotmail.com,
648,Pedro Inosencio,Pignataro ,Pignataro@gmail.com,
661,Ruben Antonio,Rossi ,Rossi@gmail.com,
718,Blanca Aurora,Tordo ,Tordo@gmail.com,
721,Angel,Barisone ,Barisone@gmail.com,
848,Pedro Oscar,Ballerini ,Ballerini@gmail.com,
886,Ruben Omar,Millet ,Millet@gmail.com,
891,Rosa Ester,Bautista ,Bautista@outlook.com,
943,Victorio Jorge,Sbraccia ,Sbraccia@gmail.com,
972,Gladys S. De,Morea ,Morea@gmail.com,
1046,Jacinta I.,Pissano ,Pissano@gmail.com,
1053,Antonio Felix,Tozzi ,Tozzi@gmail.com,
1094,Medero Francisco,Uyemas ,Uyemas@gmail.com,
1097,Alberto Eusebio,Biasus ,Biasus@gmail.com,
1180,Maria,Conti ,Conti@hotmail.com,
1210,Becelaere Orlando,Signifredi ,Signifredi@hotmail.com,
1254,Alberto R.,Ferrer ,Ferrer@outlook.com,
1269,Ricardo Jose,Montagna ,Montagna@gmail.com,
1304,Maria Mercedes,Pares ,Pares@gmail.com,
1450,Becelaere Sandra G.,Thobokholt ,Thobokholt@hotmail.com,
1453,Stella Maris,Gastaaga ,Gastaaga@gmail.com,
1472,Margarita L.,Scharpenaek ,Scharpenaek@gmail.com,
1501,Angel Sacifia,Artigau ,Artigau@gmail.com,
1512,Juan Damian,Torres ,Torres@gmail.com,
1556,Jose Alberto,Galceran ,Galceran@gmail.com,
1561,Elda Agueda,Reybet ,Reybet@gmail.com,
1681,Maria Luisa,Freggiaro ,Freggiaro@gmail.com,
1735,Margarita,Noe ,Noe@hotmail.com,
1758,Raul Martin,Odon ,Odon@gmail.com,
1799,Juan Jose,Bigatti ,Bigatti@gmail.com,
1809,Maria,Taucci ,Taucci@gmail.com,
1817,Lucia,Brea ,Brea@gmail.com,
1851,Angela,Pantanetti ,Pantanetti@gmail.com,
1852,Ines Lucia,San ,San@gmail.com,
1894,Florencio N.,Uthurry ,Uthurry@gmail.com,
1930,Antonio,Palacios ,Palacios@hotmail.com,
2009,Jose Maria,Ariotti ,Ariotti@gmail.com,
2012,Norberto Omar,Ungaretti ,Ungaretti@gmail.com,
